Sea Surface,Oil Spill,Look-alike,Ship,Land,Filenames
1,1,0,0,0,img_0001.jpg
1,1,1,0,0,img_0002.jpg
1,1,0,0,0,img_0003.jpg
1,1,1,0,0,img_0004.jpg
1,1,0,0,0,img_0005.jpg
1,1,1,1,0,img_0006.jpg
1,1,1,1,1,img_0007.jpg
1,1,1,1,0,img_0008.jpg
1,1,0,1,0,img_0009.jpg
1,1,0,0,0,img_0010.jpg
1,1,1,1,0,img_0011.jpg
1,1,0,0,0,img_0012.jpg
1,1,0,0,0,img_0013.jpg
1,1,0,0,0,img_0014.jpg
1,1,0,0,0,img_0015.jpg
1,1,0,0,0,img_0016.jpg
1,1,0,1,0,img_0017.jpg
1,1,1,1,0,img_0018.jpg
1,1,0,0,0,img_0019.jpg
1,1,0,1,0,img_0020.jpg
1,1,0,0,0,img_0021.jpg
1,1,0,0,0,img_0022.jpg
1,1,0,0,0,img_0023.jpg
1,0,1,0,0,img_0024.jpg
1,1,0,0,0,img_0025.jpg
1,1,1,0,1,img_0026.jpg
1,0,1,1,1,img_0027.jpg
1,0,0,0,1,img_0028.jpg
1,1,0,1,0,img_0029.jpg
1,1,0,0,0,img_0030.jpg
1,1,0,0,0,img_0031.jpg
1,1,0,0,0,img_0032.jpg
1,1,1,0,0,img_0033.jpg
1,1,0,1,0,img_0034.jpg
1,1,0,1,0,img_0035.jpg
1,1,0,0,0,img_0036.jpg
1,1,0,0,0,img_0037.jpg
1,1,0,0,0,img_0038.jpg
1,0,0,0,1,img_0039.jpg
1,1,0,0,0,img_0040.jpg
1,0,1,0,0,img_0041.jpg
1,1,1,1,0,img_0042.jpg
1,1,0,0,0,img_0043.jpg
1,1,1,0,0,img_0044.jpg
1,0,1,0,1,img_0045.jpg
1,1,0,1,0,img_0046.jpg
1,1,1,1,0,img_0047.jpg
1,1,1,0,0,img_0048.jpg
1,1,1,0,1,img_0049.jpg
1,1,0,1,0,img_0050.jpg
1,1,0,1,0,img_0051.jpg
1,1,1,1,0,img_0052.jpg
1,1,0,0,0,img_0053.jpg
1,0,1,0,1,img_0054.jpg
1,0,0,0,1,img_0055.jpg
1,1,1,0,0,img_0056.jpg
1,1,0,0,0,img_0057.jpg
1,1,0,0,0,img_0058.jpg
1,0,1,0,0,img_0059.jpg
1,1,0,0,0,img_0060.jpg
1,1,0,1,0,img_0061.jpg
1,0,0,1,0,img_0062.jpg
1,1,0,0,0,img_0063.jpg
1,1,0,0,1,img_0064.jpg
1,1,0,1,0,img_0065.jpg
1,1,0,0,0,img_0066.jpg
1,1,0,1,0,img_0067.jpg
1,0,1,0,0,img_0068.jpg
1,0,1,0,0,img_0069.jpg
1,0,1,0,1,img_0070.jpg
1,1,0,0,0,img_0071.jpg
1,1,1,0,0,img_0072.jpg
1,1,0,0,0,img_0073.jpg
1,1,0,0,0,img_0074.jpg
1,1,0,0,0,img_0075.jpg
1,1,0,0,0,img_0076.jpg
1,1,0,0,0,img_0077.jpg
1,1,0,0,0,img_0078.jpg
0,0,0,0,1,img_0079.jpg
1,1,1,0,0,img_0080.jpg
1,1,0,1,0,img_0081.jpg
1,1,0,1,0,img_0082.jpg
1,0,0,0,1,img_0083.jpg
1,1,0,0,0,img_0084.jpg
1,1,0,0,0,img_0085.jpg
1,1,0,0,0,img_0086.jpg
1,0,1,0,1,img_0087.jpg
1,0,1,0,0,img_0088.jpg
1,1,1,0,0,img_0089.jpg
1,1,1,0,1,img_0090.jpg
1,1,0,1,0,img_0091.jpg
1,1,0,1,0,img_0092.jpg
1,1,1,1,0,img_0093.jpg
1,1,1,0,1,img_0094.jpg
1,0,1,0,0,img_0095.jpg
1,1,0,0,0,img_0096.jpg
1,1,0,0,0,img_0097.jpg
1,1,0,1,0,img_0098.jpg
1,1,0,0,0,img_0099.jpg
1,1,1,0,0,img_0100.jpg
1,1,0,1,0,img_0101.jpg
1,1,1,0,0,img_0102.jpg
1,1,0,1,0,img_0103.jpg
1,1,0,0,0,img_0104.jpg
1,1,0,1,0,img_0105.jpg
1,1,1,0,1,img_0106.jpg
1,0,1,1,0,img_0107.jpg
1,1,0,1,0,img_0108.jpg
1,1,1,0,0,img_0109.jpg
1,1,1,0,0,img_0110.jpg
1,0,1,0,1,img_0111.jpg
1,1,0,0,0,img_0112.jpg
1,1,0,1,1,img_0113.jpg
1,0,1,1,1,img_0114.jpg
1,1,0,0,0,img_0115.jpg
1,0,0,1,1,img_0116.jpg
1,1,0,1,0,img_0117.jpg
1,1,0,0,0,img_0118.jpg
1,0,0,0,1,img_0119.jpg
1,1,0,1,0,img_0120.jpg
1,1,0,1,0,img_0121.jpg
1,1,1,1,1,img_0122.jpg
1,1,0,0,1,img_0123.jpg
1,1,1,1,1,img_0124.jpg
1,1,0,1,0,img_0125.jpg
1,1,0,1,0,img_0126.jpg
1,1,1,1,0,img_0127.jpg
1,1,0,0,0,img_0128.jpg
1,1,1,0,0,img_0129.jpg
1,1,1,1,0,img_0130.jpg
1,1,0,1,0,img_0131.jpg
1,1,1,1,1,img_0132.jpg
1,1,0,0,1,img_0133.jpg
1,1,0,1,0,img_0134.jpg
1,0,1,0,0,img_0135.jpg
1,0,1,0,0,img_0136.jpg
1,1,0,0,0,img_0137.jpg
1,1,0,0,0,img_0138.jpg
1,0,1,0,1,img_0139.jpg
1,1,0,0,1,img_0140.jpg
1,1,0,0,0,img_0141.jpg
1,1,1,1,1,img_0142.jpg
1,1,0,1,0,img_0143.jpg
1,1,1,0,1,img_0144.jpg
1,1,1,0,0,img_0145.jpg
1,1,1,0,0,img_0146.jpg
1,1,0,1,0,img_0147.jpg
1,1,1,0,0,img_0148.jpg
1,0,1,0,0,img_0149.jpg
1,0,1,0,0,img_0150.jpg
1,0,1,0,0,img_0151.jpg
1,1,1,1,0,img_0152.jpg
1,0,1,0,0,img_0153.jpg
1,1,0,1,0,img_0154.jpg
1,1,1,1,1,img_0155.jpg
1,1,0,1,0,img_0156.jpg
1,0,1,1,0,img_0157.jpg
1,1,1,1,1,img_0158.jpg
1,1,1,0,0,img_0159.jpg
1,1,0,0,0,img_0160.jpg
1,1,0,0,0,img_0161.jpg
1,0,1,1,1,img_0162.jpg
1,1,1,1,0,img_0163.jpg
1,0,1,0,0,img_0164.jpg
1,0,1,0,1,img_0165.jpg
1,1,1,0,1,img_0166.jpg
1,1,0,0,0,img_0167.jpg
1,1,0,1,0,img_0168.jpg
1,1,0,0,0,img_0169.jpg
1,1,0,1,0,img_0170.jpg
1,1,0,0,0,img_0171.jpg
1,1,0,1,0,img_0172.jpg
1,1,1,0,0,img_0173.jpg
1,1,0,1,0,img_0174.jpg
1,1,1,0,0,img_0175.jpg
1,0,0,0,0,img_0176.jpg
1,1,1,0,1,img_0177.jpg
1,1,1,0,1,img_0178.jpg
1,1,0,0,0,img_0179.jpg
1,0,1,0,0,img_0180.jpg
1,1,1,0,0,img_0181.jpg
1,1,1,1,0,img_0182.jpg
1,1,0,0,0,img_0183.jpg
1,0,1,0,0,img_0184.jpg
1,0,1,1,1,img_0185.jpg
1,1,0,0,0,img_0186.jpg
1,1,1,0,1,img_0187.jpg
1,1,0,1,0,img_0188.jpg
1,1,0,1,0,img_0189.jpg
1,1,0,0,0,img_0190.jpg
1,1,1,1,0,img_0191.jpg
1,1,0,0,0,img_0192.jpg
1,1,0,0,0,img_0193.jpg
1,1,0,0,0,img_0194.jpg
1,1,0,1,0,img_0195.jpg
1,1,0,0,0,img_0196.jpg
1,1,1,1,0,img_0197.jpg
1,1,1,1,0,img_0198.jpg
1,1,1,0,1,img_0199.jpg
1,1,0,1,0,img_0200.jpg
1,1,0,0,0,img_0201.jpg
1,1,1,0,0,img_0202.jpg
1,1,1,0,1,img_0203.jpg
1,1,1,0,0,img_0204.jpg
1,1,1,1,0,img_0205.jpg
1,1,0,0,0,img_0206.jpg
1,1,0,0,0,img_0207.jpg
1,1,0,0,0,img_0208.jpg
1,1,0,1,1,img_0209.jpg
1,1,0,1,0,img_0210.jpg
1,1,0,0,0,img_0211.jpg
1,1,1,0,1,img_0212.jpg
1,1,0,0,0,img_0213.jpg
1,1,0,0,0,img_0214.jpg
1,1,0,0,0,img_0215.jpg
1,0,1,0,1,img_0216.jpg
1,1,0,1,0,img_0217.jpg
1,1,0,0,0,img_0218.jpg
1,1,0,0,0,img_0219.jpg
1,0,1,0,0,img_0220.jpg
1,1,0,0,0,img_0221.jpg
1,1,0,1,0,img_0222.jpg
1,1,0,0,0,img_0223.jpg
1,1,0,0,0,img_0224.jpg
1,1,1,1,0,img_0225.jpg
1,1,1,0,0,img_0226.jpg
1,1,1,1,0,img_0227.jpg
1,1,0,0,0,img_0228.jpg
1,1,1,1,0,img_0229.jpg
1,1,0,0,0,img_0230.jpg
1,1,0,0,0,img_0231.jpg
1,0,0,0,1,img_0232.jpg
1,0,1,0,0,img_0233.jpg
1,1,0,0,0,img_0234.jpg
1,0,1,0,0,img_0235.jpg
1,0,1,0,1,img_0236.jpg
1,1,1,0,0,img_0237.jpg
1,1,1,0,0,img_0238.jpg
1,1,1,0,0,img_0239.jpg
1,1,0,1,0,img_0240.jpg
1,0,1,0,0,img_0241.jpg
1,0,0,1,0,img_0242.jpg
1,1,0,1,0,img_0243.jpg
1,0,1,0,0,img_0244.jpg
1,1,1,0,1,img_0245.jpg
1,1,0,0,0,img_0246.jpg
1,1,0,0,0,img_0247.jpg
1,0,1,0,0,img_0248.jpg
1,0,0,1,0,img_0249.jpg
1,0,1,0,1,img_0250.jpg
1,1,0,0,1,img_0251.jpg
1,1,1,0,1,img_0252.jpg
1,0,1,0,0,img_0253.jpg
1,0,1,0,0,img_0254.jpg
1,0,1,0,1,img_0255.jpg
1,1,1,0,0,img_0256.jpg
1,0,1,1,0,img_0257.jpg
1,1,0,0,1,img_0258.jpg
1,1,1,0,1,img_0259.jpg
1,0,1,0,1,img_0260.jpg
1,1,0,0,0,img_0261.jpg
1,0,1,0,1,img_0262.jpg
1,1,1,0,0,img_0263.jpg
1,1,0,1,0,img_0264.jpg
1,1,0,1,1,img_0265.jpg
1,0,1,0,0,img_0266.jpg
1,0,1,0,1,img_0267.jpg
1,1,0,0,0,img_0268.jpg
1,1,0,0,0,img_0269.jpg
1,1,1,0,1,img_0270.jpg
1,1,1,1,1,img_0271.jpg
1,1,1,0,0,img_0272.jpg
1,0,1,0,0,img_0273.jpg
1,1,0,0,0,img_0274.jpg
1,1,0,1,0,img_0275.jpg
1,1,1,0,0,img_0276.jpg
1,1,1,1,0,img_0277.jpg
1,0,1,0,0,img_0278.jpg
1,1,1,0,0,img_0279.jpg
1,0,1,0,0,img_0280.jpg
1,0,1,0,0,img_0281.jpg
1,1,0,0,0,img_0282.jpg
1,1,0,0,1,img_0283.jpg
1,1,1,0,1,img_0284.jpg
1,1,0,1,0,img_0285.jpg
1,0,1,0,1,img_0286.jpg
1,1,0,1,0,img_0287.jpg
1,1,1,0,0,img_0288.jpg
1,1,0,1,0,img_0289.jpg
1,1,0,0,0,img_0290.jpg
1,1,1,1,1,img_0291.jpg
1,0,1,0,0,img_0292.jpg
1,1,0,0,0,img_0293.jpg
1,1,0,0,0,img_0294.jpg
1,0,1,0,1,img_0295.jpg
1,1,0,1,0,img_0296.jpg
1,1,0,1,0,img_0297.jpg
1,1,0,0,0,img_0298.jpg
1,1,0,1,0,img_0299.jpg
1,1,1,1,0,img_0300.jpg
1,0,0,1,0,img_0301.jpg
1,1,0,0,0,img_0302.jpg
0,0,0,0,1,img_0303.jpg
1,1,1,0,1,img_0304.jpg
1,1,0,1,0,img_0305.jpg
1,1,0,0,0,img_0306.jpg
1,1,0,1,0,img_0307.jpg
1,1,0,1,0,img_0308.jpg
1,1,1,0,0,img_0309.jpg
1,0,1,1,1,img_0310.jpg
1,1,1,1,0,img_0311.jpg
1,0,1,0,0,img_0312.jpg
1,1,0,1,0,img_0313.jpg
1,1,1,0,1,img_0314.jpg
1,1,0,0,0,img_0315.jpg
1,1,1,0,1,img_0316.jpg
1,1,0,0,0,img_0317.jpg
1,1,0,1,0,img_0318.jpg
1,0,1,1,1,img_0319.jpg
1,0,1,0,0,img_0320.jpg
1,1,0,0,0,img_0321.jpg
1,1,0,0,0,img_0322.jpg
1,0,1,1,1,img_0323.jpg
1,0,1,0,0,img_0324.jpg
1,1,1,1,0,img_0325.jpg
1,1,1,1,1,img_0326.jpg
1,1,1,1,1,img_0327.jpg
1,1,0,0,0,img_0328.jpg
1,1,1,0,1,img_0329.jpg
1,1,1,1,0,img_0330.jpg
1,1,0,1,0,img_0331.jpg
1,0,1,0,1,img_0332.jpg
1,0,0,1,0,img_0333.jpg
1,0,1,0,1,img_0334.jpg
1,1,1,0,1,img_0335.jpg
1,1,0,0,0,img_0336.jpg
1,1,1,1,0,img_0337.jpg
1,0,1,0,1,img_0338.jpg
1,1,0,1,0,img_0339.jpg
1,1,0,1,0,img_0340.jpg
1,1,1,0,1,img_0341.jpg
1,0,1,1,0,img_0342.jpg
1,1,0,1,0,img_0343.jpg
1,1,0,0,0,img_0344.jpg
1,1,0,1,0,img_0345.jpg
1,1,0,0,0,img_0346.jpg
1,1,0,0,0,img_0347.jpg
1,1,0,1,0,img_0348.jpg
1,1,1,1,0,img_0349.jpg
1,1,0,0,0,img_0350.jpg
1,1,1,0,1,img_0351.jpg
1,1,0,0,0,img_0352.jpg
1,1,1,1,0,img_0353.jpg
1,1,1,1,0,img_0354.jpg
1,1,0,0,0,img_0355.jpg
1,1,0,0,0,img_0356.jpg
1,0,1,0,1,img_0357.jpg
1,1,1,1,0,img_0358.jpg
1,1,0,1,0,img_0359.jpg
1,0,1,1,0,img_0360.jpg
1,1,0,1,0,img_0361.jpg
1,1,0,0,0,img_0362.jpg
1,1,1,1,1,img_0363.jpg
1,1,0,0,1,img_0364.jpg
1,1,0,1,0,img_0365.jpg
1,1,0,0,0,img_0366.jpg
1,1,1,0,0,img_0367.jpg
1,0,1,0,0,img_0368.jpg
1,1,1,0,1,img_0369.jpg
1,1,0,0,0,img_0370.jpg
1,1,0,0,0,img_0371.jpg
1,0,1,1,1,img_0372.jpg
1,0,1,1,0,img_0373.jpg
1,1,1,0,0,img_0374.jpg
1,1,1,1,1,img_0375.jpg
1,1,0,1,0,img_0376.jpg
1,0,0,1,1,img_0377.jpg
1,1,0,0,0,img_0378.jpg
1,1,1,0,1,img_0379.jpg
1,1,1,1,0,img_0380.jpg
1,1,0,1,0,img_0381.jpg
1,0,0,1,0,img_0382.jpg
1,1,0,1,0,img_0383.jpg
1,1,1,1,1,img_0384.jpg
1,1,0,1,0,img_0385.jpg
1,1,1,0,0,img_0386.jpg
1,0,1,0,1,img_0387.jpg
1,1,1,0,1,img_0388.jpg
1,0,1,0,1,img_0389.jpg
1,1,0,1,0,img_0390.jpg
1,1,0,0,0,img_0391.jpg
1,1,1,1,0,img_0392.jpg
1,1,0,0,0,img_0393.jpg
1,1,0,0,0,img_0394.jpg
1,1,0,0,0,img_0395.jpg
1,1,0,1,0,img_0396.jpg
1,1,0,1,0,img_0397.jpg
1,1,0,0,0,img_0398.jpg
1,0,1,0,0,img_0399.jpg
1,1,1,0,0,img_0400.jpg
1,1,0,0,0,img_0401.jpg
1,1,1,0,1,img_0402.jpg
1,1,0,0,0,img_0403.jpg
1,1,0,0,0,img_0404.jpg
1,1,0,0,0,img_0405.jpg
1,1,0,1,0,img_0406.jpg
1,1,1,0,1,img_0407.jpg
1,1,0,1,0,img_0408.jpg
1,1,0,1,0,img_0409.jpg
1,1,0,0,0,img_0410.jpg
1,1,1,1,0,img_0411.jpg
1,1,0,1,0,img_0412.jpg
1,1,1,0,0,img_0413.jpg
1,1,0,0,1,img_0414.jpg
1,1,0,0,0,img_0415.jpg
1,1,1,0,1,img_0416.jpg
1,1,1,0,0,img_0417.jpg
1,1,0,1,0,img_0418.jpg
1,1,1,0,1,img_0419.jpg
1,1,0,1,0,img_0420.jpg
1,1,1,1,0,img_0421.jpg
1,1,0,1,0,img_0422.jpg
1,1,0,1,0,img_0423.jpg
1,1,0,1,0,img_0424.jpg
1,1,0,0,0,img_0425.jpg
1,1,0,0,0,img_0426.jpg
1,1,1,0,0,img_0427.jpg
1,1,0,0,0,img_0428.jpg
1,1,0,0,0,img_0429.jpg
1,1,1,0,0,img_0430.jpg
1,1,1,1,0,img_0431.jpg
1,1,0,0,0,img_0432.jpg
1,1,0,0,1,img_0433.jpg
1,1,0,0,0,img_0434.jpg
1,1,1,0,0,img_0435.jpg
1,0,1,0,0,img_0436.jpg
1,0,1,1,0,img_0437.jpg
1,0,1,0,0,img_0438.jpg
1,1,0,0,0,img_0439.jpg
1,1,0,0,1,img_0440.jpg
1,1,0,0,1,img_0441.jpg
1,0,1,0,0,img_0442.jpg
1,1,0,0,0,img_0443.jpg
1,1,0,0,0,img_0444.jpg
1,1,1,0,0,img_0445.jpg
1,1,1,0,0,img_0446.jpg
1,1,0,0,0,img_0447.jpg
1,1,0,1,0,img_0448.jpg
1,1,1,0,1,img_0449.jpg
1,1,0,0,1,img_0450.jpg
1,1,1,1,0,img_0451.jpg
1,0,1,0,1,img_0452.jpg
1,1,1,1,0,img_0453.jpg
1,1,0,0,0,img_0454.jpg
1,1,0,0,0,img_0455.jpg
1,0,1,0,1,img_0456.jpg
1,1,0,0,0,img_0457.jpg
1,0,1,0,0,img_0458.jpg
1,1,0,0,1,img_0459.jpg
1,1,1,0,0,img_0460.jpg
1,1,0,1,0,img_0461.jpg
1,1,1,1,0,img_0462.jpg
0,0,0,0,1,img_0463.jpg
1,0,1,1,0,img_0464.jpg
1,1,0,0,0,img_0465.jpg
1,1,0,0,0,img_0466.jpg
1,1,1,0,1,img_0467.jpg
1,1,0,0,0,img_0468.jpg
1,1,0,0,0,img_0469.jpg
1,1,1,1,1,img_0470.jpg
0,0,0,0,1,img_0471.jpg
1,1,1,1,1,img_0472.jpg
1,1,0,0,0,img_0473.jpg
1,0,1,1,1,img_0474.jpg
1,0,0,1,0,img_0475.jpg
1,1,0,0,1,img_0476.jpg
1,1,1,1,0,img_0477.jpg
1,1,1,0,0,img_0478.jpg
1,1,1,1,1,img_0479.jpg
1,1,1,1,0,img_0480.jpg
1,1,0,0,0,img_0481.jpg
1,0,1,1,0,img_0482.jpg
1,1,0,1,0,img_0483.jpg
1,1,1,0,0,img_0484.jpg
1,1,0,0,0,img_0485.jpg
1,0,1,0,1,img_0486.jpg
1,1,0,1,0,img_0487.jpg
1,1,0,1,0,img_0488.jpg
1,1,1,0,1,img_0489.jpg
1,1,0,1,0,img_0490.jpg
1,1,0,0,0,img_0491.jpg
1,1,0,0,0,img_0492.jpg
1,1,1,0,1,img_0493.jpg
1,1,0,0,0,img_0494.jpg
1,0,1,0,0,img_0495.jpg
1,1,0,0,0,img_0496.jpg
1,0,1,0,0,img_0497.jpg
1,0,1,0,1,img_0498.jpg
1,0,1,0,1,img_0499.jpg
1,1,1,0,0,img_0500.jpg
1,1,0,0,0,img_0501.jpg
1,1,0,0,0,img_0502.jpg
1,1,0,0,0,img_0503.jpg
1,0,1,0,1,img_0504.jpg
1,1,1,0,0,img_0505.jpg
1,1,0,0,0,img_0506.jpg
1,0,1,1,0,img_0507.jpg
1,1,1,0,0,img_0508.jpg
1,1,0,1,0,img_0509.jpg
1,1,1,0,0,img_0510.jpg
1,0,1,0,1,img_0511.jpg
1,0,1,1,0,img_0512.jpg
1,0,1,1,0,img_0513.jpg
1,1,0,0,1,img_0514.jpg
1,1,0,0,0,img_0515.jpg
1,1,1,0,0,img_0516.jpg
1,1,0,0,0,img_0517.jpg
1,1,0,0,1,img_0518.jpg
1,0,1,0,0,img_0519.jpg
1,1,1,1,0,img_0520.jpg
1,1,1,0,1,img_0521.jpg
1,1,0,0,0,img_0522.jpg
1,1,0,0,0,img_0523.jpg
1,1,0,0,0,img_0524.jpg
1,1,1,0,1,img_0525.jpg
1,1,0,0,0,img_0526.jpg
1,0,1,1,0,img_0527.jpg
1,1,1,0,1,img_0528.jpg
1,1,0,0,1,img_0529.jpg
1,1,1,1,0,img_0530.jpg
1,1,0,1,0,img_0531.jpg
1,1,1,1,0,img_0532.jpg
1,1,0,0,0,img_0533.jpg
1,1,1,1,1,img_0534.jpg
1,0,0,1,1,img_0535.jpg
1,1,0,0,0,img_0536.jpg
1,1,1,0,0,img_0537.jpg
1,1,0,0,0,img_0538.jpg
1,1,1,1,1,img_0539.jpg
1,1,0,0,0,img_0540.jpg
1,0,1,0,0,img_0541.jpg
1,1,0,0,0,img_0542.jpg
1,1,0,0,0,img_0543.jpg
1,1,1,0,0,img_0544.jpg
1,1,1,0,0,img_0545.jpg
1,0,1,0,1,img_0546.jpg
1,1,0,0,0,img_0547.jpg
1,1,1,1,1,img_0548.jpg
1,0,1,1,0,img_0549.jpg
1,1,1,0,1,img_0550.jpg
1,1,0,1,0,img_0551.jpg
1,1,0,0,0,img_0552.jpg
1,1,0,0,0,img_0553.jpg
1,0,1,1,1,img_0554.jpg
1,1,0,0,0,img_0555.jpg
1,0,0,1,0,img_0556.jpg
1,0,1,0,1,img_0557.jpg
1,0,1,0,0,img_0558.jpg
1,1,0,0,0,img_0559.jpg
1,1,1,0,0,img_0560.jpg
1,1,0,0,0,img_0561.jpg
1,1,0,1,0,img_0562.jpg
1,1,0,0,1,img_0563.jpg
1,1,0,1,1,img_0564.jpg
1,1,0,1,0,img_0565.jpg
1,0,1,0,0,img_0566.jpg
1,1,1,1,0,img_0567.jpg
1,1,1,1,0,img_0568.jpg
1,1,0,0,0,img_0569.jpg
1,1,0,0,0,img_0570.jpg
1,1,0,1,0,img_0571.jpg
1,1,1,0,0,img_0572.jpg
1,1,0,0,1,img_0573.jpg
1,1,0,1,0,img_0574.jpg
1,1,0,0,0,img_0575.jpg
1,1,0,0,0,img_0576.jpg
1,0,1,1,1,img_0577.jpg
1,1,1,0,0,img_0578.jpg
1,0,1,0,0,img_0579.jpg
1,1,0,1,1,img_0580.jpg
1,1,1,1,0,img_0581.jpg
1,1,1,0,0,img_0582.jpg
1,1,1,1,1,img_0583.jpg
1,1,0,0,1,img_0584.jpg
1,1,0,0,0,img_0585.jpg
1,1,1,0,1,img_0586.jpg
1,1,0,1,0,img_0587.jpg
1,1,0,0,0,img_0588.jpg
1,1,1,0,1,img_0589.jpg
1,1,1,0,1,img_0590.jpg
1,0,0,0,1,img_0591.jpg
1,0,0,0,1,img_0592.jpg
1,0,1,0,1,img_0593.jpg
1,1,0,0,0,img_0594.jpg
1,1,0,0,0,img_0595.jpg
1,1,0,0,0,img_0596.jpg
1,0,0,1,0,img_0597.jpg
1,1,0,0,0,img_0598.jpg
1,1,1,0,0,img_0599.jpg
1,1,1,1,0,img_0600.jpg
1,1,1,1,0,img_0601.jpg
1,0,0,1,0,img_0602.jpg
1,1,1,0,0,img_0603.jpg
1,1,0,1,0,img_0604.jpg
1,1,0,1,0,img_0605.jpg
1,0,0,1,1,img_0606.jpg
1,1,0,1,0,img_0607.jpg
1,1,0,0,0,img_0608.jpg
1,1,0,0,0,img_0609.jpg
1,0,0,1,1,img_0610.jpg
1,1,1,1,0,img_0611.jpg
1,1,0,0,0,img_0612.jpg
1,0,1,0,0,img_0613.jpg
1,0,1,0,0,img_0614.jpg
1,1,1,0,0,img_0615.jpg
1,0,1,0,0,img_0616.jpg
1,0,1,0,0,img_0617.jpg
1,1,0,0,0,img_0618.jpg
1,0,1,0,0,img_0619.jpg
1,0,1,0,1,img_0620.jpg
1,1,0,0,0,img_0621.jpg
1,1,0,0,1,img_0622.jpg
1,1,0,1,0,img_0623.jpg
1,1,0,0,0,img_0624.jpg
1,1,0,0,0,img_0625.jpg
1,0,1,0,0,img_0626.jpg
1,1,0,0,0,img_0627.jpg
1,1,1,1,0,img_0628.jpg
1,1,1,1,0,img_0629.jpg
1,1,1,0,0,img_0630.jpg
1,1,0,0,0,img_0631.jpg
1,0,1,1,1,img_0632.jpg
1,1,0,0,0,img_0633.jpg
1,1,1,1,0,img_0634.jpg
1,0,1,1,1,img_0635.jpg
1,1,0,1,0,img_0636.jpg
1,1,1,0,1,img_0637.jpg
1,1,0,1,0,img_0638.jpg
1,1,0,1,0,img_0639.jpg
1,1,0,1,0,img_0640.jpg
1,1,0,1,0,img_0641.jpg
1,1,1,0,0,img_0642.jpg
1,0,1,0,0,img_0643.jpg
1,0,0,0,1,img_0644.jpg
1,1,0,0,1,img_0645.jpg
1,1,0,1,0,img_0646.jpg
0,0,0,0,1,img_0647.jpg
1,1,0,0,0,img_0648.jpg
1,0,1,0,0,img_0649.jpg
1,1,1,0,0,img_0650.jpg
1,1,1,1,1,img_0651.jpg
1,1,0,1,0,img_0652.jpg
1,1,0,0,0,img_0653.jpg
1,1,1,0,0,img_0654.jpg
1,0,0,0,1,img_0655.jpg
1,0,1,0,0,img_0656.jpg
1,1,0,1,0,img_0657.jpg
1,1,1,0,0,img_0658.jpg
1,1,1,0,1,img_0659.jpg
1,1,1,1,0,img_0660.jpg
1,1,0,0,1,img_0661.jpg
1,1,0,0,0,img_0662.jpg
1,1,0,0,0,img_0663.jpg
1,1,0,0,0,img_0664.jpg
1,1,0,0,0,img_0665.jpg
1,0,0,1,1,img_0666.jpg
1,1,0,1,0,img_0667.jpg
1,1,0,0,0,img_0668.jpg
1,1,0,0,0,img_0669.jpg
1,1,1,1,0,img_0670.jpg
1,1,0,1,0,img_0671.jpg
1,1,0,0,0,img_0672.jpg
1,1,1,1,0,img_0673.jpg
1,1,0,1,0,img_0674.jpg
1,1,0,1,0,img_0675.jpg
1,1,1,0,0,img_0676.jpg
1,0,1,0,0,img_0677.jpg
1,1,0,0,0,img_0678.jpg
1,1,0,0,0,img_0679.jpg
1,1,0,0,0,img_0680.jpg
1,1,0,0,0,img_0681.jpg
1,1,0,0,0,img_0682.jpg
1,0,1,0,0,img_0683.jpg
1,1,1,1,0,img_0684.jpg
1,1,0,0,0,img_0685.jpg
1,1,0,0,0,img_0686.jpg
1,1,0,1,0,img_0687.jpg
1,1,1,0,0,img_0688.jpg
1,1,1,0,0,img_0689.jpg
1,0,1,0,0,img_0690.jpg
1,1,0,0,0,img_0691.jpg
1,1,0,0,0,img_0692.jpg
1,1,1,0,1,img_0693.jpg
1,0,0,0,1,img_0694.jpg
1,1,0,1,0,img_0695.jpg
1,1,0,1,0,img_0696.jpg
1,0,1,0,1,img_0697.jpg
1,1,1,1,0,img_0698.jpg
1,1,0,1,0,img_0699.jpg
1,1,1,0,1,img_0700.jpg
1,1,1,0,1,img_0701.jpg
1,1,0,0,0,img_0702.jpg
1,1,0,0,0,img_0703.jpg
1,1,0,0,0,img_0704.jpg
1,1,0,1,0,img_0705.jpg
1,1,0,0,0,img_0706.jpg
1,1,0,0,0,img_0707.jpg
1,1,0,0,0,img_0708.jpg
1,1,1,0,1,img_0709.jpg
1,1,0,0,0,img_0710.jpg
1,1,0,1,0,img_0711.jpg
1,1,0,0,0,img_0712.jpg
1,1,0,0,0,img_0713.jpg
1,1,1,1,0,img_0714.jpg
1,0,1,1,0,img_0715.jpg
1,1,1,0,0,img_0716.jpg
1,1,0,0,0,img_0717.jpg
1,1,0,0,0,img_0718.jpg
1,1,1,1,0,img_0719.jpg
1,1,0,0,1,img_0720.jpg
1,1,1,0,1,img_0721.jpg
1,1,0,0,0,img_0722.jpg
1,1,0,0,0,img_0723.jpg
1,1,1,0,1,img_0724.jpg
1,1,0,0,0,img_0725.jpg
1,1,0,1,0,img_0726.jpg
1,0,0,0,1,img_0727.jpg
1,1,0,0,0,img_0728.jpg
1,1,0,0,0,img_0729.jpg
1,0,1,0,1,img_0730.jpg
1,1,0,0,0,img_0731.jpg
1,0,1,0,0,img_0732.jpg
1,0,1,0,0,img_0733.jpg
1,1,0,0,0,img_0734.jpg
1,0,1,0,1,img_0735.jpg
1,1,1,0,0,img_0736.jpg
1,1,0,0,0,img_0737.jpg
1,1,0,0,0,img_0738.jpg
1,1,0,0,0,img_0739.jpg
1,1,0,1,0,img_0740.jpg
1,0,1,1,1,img_0741.jpg
1,1,0,0,0,img_0742.jpg
1,1,0,0,0,img_0743.jpg
1,0,0,0,1,img_0744.jpg
1,1,1,0,0,img_0745.jpg
1,1,0,0,0,img_0746.jpg
1,0,1,1,1,img_0747.jpg
1,1,0,0,0,img_0748.jpg
1,1,0,0,0,img_0749.jpg
1,1,0,1,0,img_0750.jpg
1,1,1,0,0,img_0751.jpg
1,0,1,0,1,img_0752.jpg
1,0,1,0,0,img_0753.jpg
1,1,0,1,0,img_0754.jpg
1,1,0,0,0,img_0755.jpg
1,1,0,0,1,img_0756.jpg
1,1,0,0,0,img_0757.jpg
1,0,1,1,1,img_0758.jpg
1,1,0,0,0,img_0759.jpg
1,1,0,0,0,img_0760.jpg
1,1,0,0,0,img_0761.jpg
1,1,1,1,0,img_0762.jpg
1,1,0,0,0,img_0763.jpg
1,1,1,1,0,img_0764.jpg
1,1,1,0,0,img_0765.jpg
1,1,0,0,0,img_0766.jpg
1,1,0,1,1,img_0767.jpg
1,1,0,1,0,img_0768.jpg
1,1,1,0,1,img_0769.jpg
1,1,1,0,1,img_0770.jpg
1,1,0,0,0,img_0771.jpg
1,1,0,0,0,img_0772.jpg
1,1,0,0,0,img_0773.jpg
1,1,0,0,0,img_0774.jpg
1,1,1,0,0,img_0775.jpg
1,1,1,0,1,img_0776.jpg
1,1,1,0,0,img_0777.jpg
1,1,0,0,1,img_0778.jpg
1,0,0,1,0,img_0779.jpg
1,1,1,1,1,img_0780.jpg
1,1,0,0,0,img_0781.jpg
1,1,1,0,1,img_0782.jpg
1,0,1,0,0,img_0783.jpg
1,1,0,0,0,img_0784.jpg
1,1,0,0,0,img_0785.jpg
1,1,0,1,1,img_0786.jpg
1,1,0,1,0,img_0787.jpg
1,1,0,1,0,img_0788.jpg
1,1,0,0,1,img_0789.jpg
1,1,0,0,0,img_0790.jpg
1,0,1,0,1,img_0791.jpg
1,0,1,0,1,img_0792.jpg
1,1,0,0,1,img_0793.jpg
1,1,0,0,1,img_0794.jpg
1,1,0,0,0,img_0795.jpg
1,1,0,0,0,img_0796.jpg
1,0,1,1,0,img_0797.jpg
1,1,1,1,1,img_0798.jpg
1,1,0,0,0,img_0799.jpg
1,1,1,0,0,img_0800.jpg
1,1,0,1,0,img_0801.jpg
1,0,1,0,0,img_0802.jpg
1,1,1,1,0,img_0803.jpg
1,0,0,0,1,img_0804.jpg
1,0,1,0,1,img_0805.jpg
1,1,0,1,0,img_0806.jpg
1,1,0,0,0,img_0807.jpg
1,1,0,0,0,img_0808.jpg
1,0,1,1,1,img_0809.jpg
1,1,0,0,0,img_0810.jpg
1,1,0,0,0,img_0811.jpg
1,1,1,0,0,img_0812.jpg
1,1,0,1,0,img_0813.jpg
1,1,0,0,0,img_0814.jpg
1,0,1,1,0,img_0815.jpg
1,1,1,1,1,img_0816.jpg
1,1,1,0,0,img_0817.jpg
1,0,1,0,1,img_0818.jpg
1,1,0,0,0,img_0819.jpg
1,1,0,0,0,img_0820.jpg
1,1,1,0,1,img_0821.jpg
1,1,1,0,1,img_0822.jpg
1,0,1,0,0,img_0823.jpg
1,0,1,0,0,img_0824.jpg
1,0,1,0,1,img_0825.jpg
1,1,0,0,0,img_0826.jpg
1,1,0,1,0,img_0827.jpg
1,1,0,0,0,img_0828.jpg
1,1,1,0,0,img_0829.jpg
1,1,1,0,1,img_0830.jpg
1,1,0,0,0,img_0831.jpg
1,1,0,0,0,img_0832.jpg
1,1,0,0,0,img_0833.jpg
1,1,0,0,0,img_0834.jpg
1,0,0,0,1,img_0835.jpg
1,1,0,1,0,img_0836.jpg
1,1,0,1,0,img_0837.jpg
1,1,1,1,0,img_0838.jpg
1,1,0,0,1,img_0839.jpg
1,0,0,0,1,img_0840.jpg
0,0,0,0,1,img_0841.jpg
1,0,1,0,0,img_0842.jpg
1,1,1,1,0,img_0843.jpg
1,1,0,0,0,img_0844.jpg
1,1,0,0,0,img_0845.jpg
1,1,0,1,0,img_0846.jpg
1,1,0,0,0,img_0847.jpg
1,1,0,0,0,img_0848.jpg
0,0,0,0,1,img_0849.jpg
1,1,0,0,0,img_0850.jpg
1,1,0,1,0,img_0851.jpg
1,1,0,0,0,img_0852.jpg
1,1,1,0,0,img_0853.jpg
1,1,0,0,0,img_0854.jpg
1,1,0,0,0,img_0855.jpg
1,1,0,0,0,img_0856.jpg
1,1,0,0,0,img_0857.jpg
1,1,1,1,0,img_0858.jpg
1,1,0,1,0,img_0859.jpg
1,1,1,1,0,img_0860.jpg
1,1,0,0,0,img_0861.jpg
1,1,1,0,0,img_0862.jpg
1,0,1,0,0,img_0863.jpg
1,1,0,1,0,img_0864.jpg
1,1,0,0,0,img_0865.jpg
1,0,1,0,0,img_0866.jpg
1,1,0,1,0,img_0867.jpg
1,1,1,1,0,img_0868.jpg
1,1,0,0,0,img_0869.jpg
1,0,1,0,1,img_0870.jpg
1,1,1,1,0,img_0871.jpg
1,1,1,0,0,img_0872.jpg
1,0,1,0,0,img_0873.jpg
1,1,0,1,0,img_0874.jpg
1,0,1,0,1,img_0875.jpg
1,1,1,0,0,img_0876.jpg
1,0,1,0,0,img_0877.jpg
1,1,1,0,0,img_0878.jpg
1,1,0,0,0,img_0879.jpg
1,1,0,0,0,img_0880.jpg
1,0,1,0,0,img_0881.jpg
1,1,0,0,1,img_0882.jpg
1,1,1,0,0,img_0883.jpg
1,1,1,1,0,img_0884.jpg
1,0,1,1,0,img_0885.jpg
1,1,1,1,0,img_0886.jpg
1,1,1,0,1,img_0887.jpg
1,1,0,0,0,img_0888.jpg
1,1,1,1,0,img_0889.jpg
1,1,0,1,0,img_0890.jpg
1,1,0,0,0,img_0891.jpg
1,1,0,1,0,img_0892.jpg
1,1,0,0,0,img_0893.jpg
1,1,0,0,0,img_0894.jpg
1,1,0,0,0,img_0895.jpg
1,1,1,1,1,img_0896.jpg
1,1,0,0,0,img_0897.jpg
1,1,0,1,0,img_0898.jpg
1,1,1,0,0,img_0899.jpg
1,1,1,0,1,img_0900.jpg
1,0,1,0,0,img_0901.jpg
1,1,1,1,0,img_0902.jpg
1,1,1,0,0,img_0903.jpg
1,1,1,1,0,img_0904.jpg
1,1,0,0,0,img_0905.jpg
1,1,1,0,1,img_0906.jpg
1,1,1,1,0,img_0907.jpg
1,0,1,0,0,img_0908.jpg
1,1,0,1,0,img_0909.jpg
1,0,1,0,1,img_0910.jpg
1,1,0,0,0,img_0911.jpg
1,0,1,0,0,img_0912.jpg
1,1,0,0,0,img_0913.jpg
1,1,1,1,1,img_0914.jpg
1,1,0,1,0,img_0915.jpg
1,1,0,0,0,img_0916.jpg
1,0,0,0,1,img_0917.jpg
1,1,0,1,0,img_0918.jpg
1,1,0,0,0,img_0919.jpg
1,1,1,1,0,img_0920.jpg
1,1,1,1,1,img_0921.jpg
1,1,0,1,0,img_0922.jpg
1,1,1,0,0,img_0923.jpg
1,1,0,1,0,img_0924.jpg
1,0,1,0,0,img_0925.jpg
1,1,0,0,0,img_0926.jpg
1,1,0,1,0,img_0927.jpg
1,1,0,1,0,img_0928.jpg
1,1,0,0,0,img_0929.jpg
1,0,0,1,1,img_0930.jpg
1,0,1,1,0,img_0931.jpg
1,1,1,0,0,img_0932.jpg
1,1,1,1,0,img_0933.jpg
1,1,1,1,0,img_0934.jpg
1,0,1,0,1,img_0935.jpg
1,1,0,0,1,img_0936.jpg
1,1,0,0,1,img_0937.jpg
1,1,0,0,1,img_0938.jpg
1,1,0,1,0,img_0939.jpg
1,1,0,0,0,img_0940.jpg
1,1,0,0,0,img_0941.jpg
1,1,0,1,0,img_0942.jpg
1,1,1,1,0,img_0943.jpg
1,1,0,0,0,img_0944.jpg
1,1,1,0,0,img_0945.jpg
1,1,0,0,0,img_0946.jpg
1,1,0,0,0,img_0947.jpg
1,1,1,0,1,img_0948.jpg
1,1,0,0,0,img_0949.jpg
1,1,0,0,1,img_0950.jpg
1,1,1,0,0,img_0951.jpg
1,0,1,0,0,img_0952.jpg
1,0,1,0,1,img_0953.jpg
1,1,0,0,0,img_0954.jpg
1,1,0,1,0,img_0955.jpg
1,1,0,1,0,img_0956.jpg
1,1,0,0,0,img_0957.jpg
1,0,1,1,1,img_0958.jpg
1,1,0,0,0,img_0959.jpg
1,1,1,1,0,img_0960.jpg
1,1,0,0,0,img_0961.jpg
1,1,1,0,1,img_0962.jpg
1,0,1,0,0,img_0963.jpg
1,1,0,1,0,img_0964.jpg
1,1,0,1,0,img_0965.jpg
1,1,0,0,0,img_0966.jpg
1,1,0,0,0,img_0967.jpg
1,1,1,1,0,img_0968.jpg
1,1,0,0,0,img_0969.jpg
1,1,0,0,0,img_0970.jpg
1,1,1,1,0,img_0971.jpg
1,1,1,1,0,img_0972.jpg
1,0,1,0,1,img_0973.jpg
1,0,1,0,0,img_0974.jpg
1,1,0,0,0,img_0975.jpg
1,1,0,1,0,img_0976.jpg
1,1,1,1,0,img_0977.jpg
1,0,1,0,0,img_0978.jpg
1,1,1,1,0,img_0979.jpg
1,1,0,0,0,img_0980.jpg
1,1,0,0,0,img_0981.jpg
1,1,0,0,0,img_0982.jpg
1,1,0,0,0,img_0983.jpg
1,1,0,0,0,img_0984.jpg
1,1,1,0,0,img_0985.jpg
1,1,0,0,0,img_0986.jpg
1,0,1,0,1,img_0987.jpg
1,1,1,0,0,img_0988.jpg
1,1,0,0,0,img_0989.jpg
1,1,1,0,0,img_0990.jpg
1,1,0,1,0,img_0991.jpg
1,1,0,1,0,img_0992.jpg
1,1,0,0,1,img_0993.jpg
1,0,1,1,1,img_0994.jpg
1,0,0,0,1,img_0995.jpg
1,0,1,0,0,img_0996.jpg
1,1,1,0,1,img_0997.jpg
1,1,0,0,0,img_0998.jpg
1,1,1,1,0,img_0999.jpg
1,1,0,0,0,img_1000.jpg
1,1,0,0,0,img_1001.jpg
1,1,0,1,0,img_1002.jpg
